/*dummy data voor people tabel*/
INSERT INTO people (PersonID,Fullname,HashedPassword,PhoneNumber,EmailAddress,LastEditedBy,ValidFrom,ValidTo,postcode) VALUES (3263,"Bruno Crawford","KAE53IYE1AS","0563-968017","et@bibendum.edu","11-05-2021","01-01-2003","01-01-2025","2059HK"),(3264,"Kimberley Hogan","GXO89XLQ0DK","0214-382900","tempus.mauris.erat@pedeSuspendissedui.net","11-05-2021","01-01-2003","01-01-2025","8689OX"),(3265,"Belle Holmes","AYR27UNH3TB","0136-118001","egestas.blandit.Nam@urna.com","11-05-2021","01-01-2003","01-01-2025","0517AR"),(3266,"Camden Perkins","XJK90QST9XM","0491-651970","eu@Nunccommodoauctor.co.uk","11-05-2021","01-01-2003","01-01-2025","5703BM"),(3267,"Joan Cruz","EZM97EJK5RX","0751-809229","scelerisque.scelerisque@sitametfaucibus.com","11-05-2021","01-01-2003","01-01-2025","7468WY"),(3268,"Nyssa Ballard","LYM54EAY6BU","0568-681053","Nunc.mauris.elit@risus.co.uk","11-05-2021","01-01-2003","01-01-2025","1189UP"),(3269,"Madeson Chandler","RAP53DDA5BI","0962-947832","luctus.et@neque.ca","11-05-2021","01-01-2003","01-01-2025","0313QU"),(3270,"Marshall Guerra","VVT41YIP8PR","0924-851141","sollicitudin@pede.org","11-05-2021","01-01-2003","01-01-2025","4544BD"),(3271,"Kiayada Schmidt","UQU03ZLC8KM","0424-951063","nulla@liberoettristique.edu","11-05-2021","01-01-2003","01-01-2025","1793IP"),(3272,"Veda Delacruz","TCW87UQD9UH","0274-517084","tortor@magnanec.co.uk","11-05-2021","01-01-2003","01-01-2025","8855VC");
INSERT INTO people (PersonID,Fullname,HashedPassword,PhoneNumber,EmailAddress,LastEditedBy,ValidFrom,ValidTo,postcode) VALUES (3273,"Noelani Waters","CLO86QSG5WD","0693-810804","Nullam@nec.org","11-05-2021","01-01-2003","01-01-2025","9602CQ"),(3274,"Ryan Wise","FFD84IUG5QE","0813-350749","at.auctor.ullamcorper@magna.ca","11-05-2021","01-01-2003","01-01-2025","4596XB"),(3275,"Tanya Russo","GQS24YMZ3YU","0574-634160","cursus.vestibulum.Mauris@adipiscingelitAliquam.edu","11-05-2021","01-01-2003","01-01-2025","1903FJ"),(3276,"Ella Mitchell","RHI57GAH3ON","0707-716451","ut.quam.vel@velitQuisque.ca","11-05-2021","01-01-2003","01-01-2025","6139OL"),(3277,"Lev Guy","EKQ89HVX6MD","0838-855207","malesuada.ut.sem@ipsumprimis.co.uk","11-05-2021","01-01-2003","01-01-2025","9975VF"),(3278,"Marvin Church","CYY59SOS4WI","0501-451104","lacus.Ut.nec@etpedeNunc.ca","11-05-2021","01-01-2003","01-01-2025","4702AQ"),(3279,"Carl Conway","NSO90WTC5JF","0123-470365","vel@nonegestas.ca","11-05-2021","01-01-2003","01-01-2025","8476NG"),(3280,"Gemma Landry","CWX70PXR5GB","0519-937359","velit@Etiamvestibulum.ca","11-05-2021","01-01-2003","01-01-2025","1009WV"),(3281,"Signe Finch","RFZ64AQP9TY","0758-400017","ultrices@ornareegestasligula.ca","11-05-2021","01-01-2003","01-01-2025","6003JM"),(3282,"Roanna Burnett","XVI23GTV3BH","0277-488270","Mauris.molestie.pharetra@sem.net","11-05-2021","01-01-2003","01-01-2025","3303SF");
INSERT INTO people (PersonID,Fullname,HashedPassword,PhoneNumber,EmailAddress,LastEditedBy,ValidFrom,ValidTo,postcode) VALUES (3283,"Sybill Harris","PWQ87QZX2DV","0487-080880","diam@Etiam.com","11-05-2021","01-01-2003","01-01-2025","5469TL"),(3284,"Quintessa Powell","FVP89NRQ3IO","0620-259379","elementum.lorem@ipsumPhasellus.co.uk","11-05-2021","01-01-2003","01-01-2025","3584EV"),(3285,"Leilani Warren","YWL17CEZ2RU","0847-147502","rhoncus.id@neque.ca","11-05-2021","01-01-2003","01-01-2025","7343AX"),(3286,"Ulysses Flowers","CTT88QIH0WS","0268-188412","risus.varius@semperet.org","11-05-2021","01-01-2003","01-01-2025","2460KL"),(3287,"Sebastian Valdez","OSF97NPS4JG","0274-108963","Nam@faucibus.ca","11-05-2021","01-01-2003","01-01-2025","6324UA"),(3288,"Lavinia Young","BQR40QXB1EB","0417-690840","libero.Morbi.accumsan@Uttincidunt.co.uk","11-05-2021","01-01-2003","01-01-2025","1757ZP"),(3289,"Chanda Bowman","YBN65HWO9JX","0279-143421","eu.nulla.at@erosProinultrices.co.uk","11-05-2021","01-01-2003","01-01-2025","9691HV"),(3290,"Mary Savage","MTQ63NGK0DA","0970-747509","lorem@enimcommodo.co.uk","11-05-2021","01-01-2003","01-01-2025","1076BG"),(3291,"Chester Dixon","CNO98LMG2HU","0713-761396","Morbi.quis.urna@cursusdiamat.ca","11-05-2021","01-01-2003","01-01-2025","6505NN"),(3292,"Raymond Snyder","EGP41AGI2UJ","0542-905922","amet@Proinvelit.co.uk","11-05-2021","01-01-2003","01-01-2025","8589BI");
INSERT INTO people (PersonID,Fullname,HashedPassword,PhoneNumber,EmailAddress,LastEditedBy,ValidFrom,ValidTo,postcode) VALUES (3293,"Brynn Forbes","VOX10KTP1CM","0468-429284","vulputate.lacus.Cras@ProinmiAliquam.net","11-05-2021","01-01-2003","01-01-2025","6538VU"),(3294,"Shelley Jackson","MJK15RXK7DC","0584-558935","consectetuer.ipsum@egetodioAliquam.net","11-05-2021","01-01-2003","01-01-2025","4756AX"),(3295,"Karen Delacruz","PHY67MSR9FU","0660-814239","massa@Etiamligula.net","11-05-2021","01-01-2003","01-01-2025","0597KE"),(3296,"Audrey Huff","DXE21EIU9BB","0607-140836","diam@dolorsit.com","11-05-2021","01-01-2003","01-01-2025","0734ND"),(3297,"Jonas Browning","RUG94AEX0FU","0574-633518","lorem.semper.auctor@dolorelit.ca","11-05-2021","01-01-2003","01-01-2025","4312IH"),(3298,"Selma Washington","GPF66LVN7HO","0290-619945","parturient.montes.nascetur@Quisquelibero.ca","11-05-2021","01-01-2003","01-01-2025","3021EQ"),(3299,"Baxter Evans","HAX63XGC5RL","0703-860580","Nam.porttitor@ridiculusmusAenean.com","11-05-2021","01-01-2003","01-01-2025","7047WN"),(3300,"Zena Erickson","TOS98IOB5EO","0734-905232","risus.quis@loremegetmollis.net","11-05-2021","01-01-2003","01-01-2025","4688VG"),(3301,"Tarik Lowery","MSG73ATS4OK","0974-652986","Fusce.diam@Donec.org","11-05-2021","01-01-2003","01-01-2025","3566DF"),(3302,"Alvin Hansen","EDZ10JXP1ES","0699-898144","sollicitudin@pharetra.org","11-05-2021","01-01-2003","01-01-2025","9235MP");
INSERT INTO people (PersonID,Fullname,HashedPassword,PhoneNumber,EmailAddress,LastEditedBy,ValidFrom,ValidTo,postcode) VALUES (3303,"Rachel Riddle","SLF77AOT4SN","0590-727576","ligula.Aliquam@milacinia.net","11-05-2021","01-01-2003","01-01-2025","3658EF"),(3304,"Avram Barton","CES81TCU2RC","0536-150899","non@fermentummetus.com","11-05-2021","01-01-2003","01-01-2025","6394OI"),(3305,"Kylynn Cherry","EJA55MFG0TW","0465-965350","dui.in@tellus.org","11-05-2021","01-01-2003","01-01-2025","7679WK"),(3306,"Amelia Bridges","GPO05OVW7UL","0301-748010","ridiculus.mus@pharetraNamac.edu","11-05-2021","01-01-2003","01-01-2025","9916XW"),(3307,"Dean Hudson","LOV34UTR3RB","0228-944349","faucibus.lectus@quis.net","11-05-2021","01-01-2003","01-01-2025","4269BC"),(3308,"Kenyon Randolph","NBB33NQR3MA","0207-699410","Sed@mattissemperdui.ca","11-05-2021","01-01-2003","01-01-2025","5488OL"),(3309,"Colorado Estrada","NFA23MBA1IB","0127-295540","ornare.lectus.justo@vitaesodalesnisi.ca","11-05-2021","01-01-2003","01-01-2025","8545RQ"),(3310,"Aiko Le","QWG89ETJ9WJ","0528-553429","massa@sed.org","11-05-2021","01-01-2003","01-01-2025","5649NT"),(3311,"Gail Conley","FWU73ANI6PJ","0687-827228","mi.felis@semperauctor.org","11-05-2021","01-01-2003","01-01-2025","1228TT"),(3312,"Lillian Santos","KBS83FPG3PI","0372-261785","metus.urna@ligulaNullam.org","11-05-2021","01-01-2003","01-01-2025","9798JD");
INSERT INTO people (PersonID,Fullname,HashedPassword,PhoneNumber,EmailAddress,LastEditedBy,ValidFrom,ValidTo,postcode) VALUES (3313,"Allen Combs","VMS00MYQ2JB","0891-119851","auctor.velit.eget@duinectempus.org","11-05-2021","01-01-2003","01-01-2025","5398FS"),(3314,"Louis Pittman","GAJ41DDH1KG","0120-130999","elementum.lorem.ut@lacusQuisqueimperdiet.edu","11-05-2021","01-01-2003","01-01-2025","9428QA"),(3315,"Herrod Church","SBD81DQL9ID","0442-872433","pede@velvenenatisvel.co.uk","11-05-2021","01-01-2003","01-01-2025","9755PH"),(3316,"Myra Boyer","FZY48IUX4DL","0838-400653","commodo.at@porttitorerosnec.co.uk","11-05-2021","01-01-2003","01-01-2025","1791OJ"),(3317,"Kelly Mcclure","PQI39UXU2AE","0149-306738","ac.mi.eleifend@loremeumetus.edu","11-05-2021","01-01-2003","01-01-2025","1756HN"),(3318,"Reece Weaver","AKD57KKZ9GX","0625-284690","dui@parturient.ca","11-05-2021","01-01-2003","01-01-2025","3516FG"),(3319,"Fiona Hewitt","HYV47MHN7RC","0729-971648","commodo.hendrerit.Donec@ametconsectetuer.co.uk","11-05-2021","01-01-2003","01-01-2025","1721VE"),(3320,"Giacomo Ayers","ELU42IHK2BN","0347-612466","Sed.dictum.Proin@mauris.org","11-05-2021","01-01-2003","01-01-2025","9807KF"),(3321,"Lamar Lloyd","UJH52PNE9WS","0276-612984","eget.odio.Aliquam@DonecegestasDuis.edu","11-05-2021","01-01-2003","01-01-2025","3796BL"),(3322,"Xandra Meyers","YZD73WFD0KX","0691-473580","Donec.nibh@Vestibulumante.com","11-05-2021","01-01-2003","01-01-2025","5915QT");
INSERT INTO people (PersonID,Fullname,HashedPassword,PhoneNumber,EmailAddress,LastEditedBy,ValidFrom,ValidTo,postcode) VALUES (3323,"Margaret Larson","FSZ19VZS9QY","0472-993917","Pellentesque.ultricies@loremacrisus.net","11-05-2021","01-01-2003","01-01-2025","4893JE"),(3324,"Teegan Randall","FPR75LJI8TM","0661-222419","penatibus.et@Crasdolordolor.ca","11-05-2021","01-01-2003","01-01-2025","9938RL"),(3325,"Merrill Hicks","ZYK92HZW5TU","0659-482001","sociis@Suspendissealiquetmolestie.co.uk","11-05-2021","01-01-2003","01-01-2025","4050NP"),(3326,"Baker Little","XQN84PDG2IS","0543-968971","lectus@amet.ca","11-05-2021","01-01-2003","01-01-2025","6439ZJ"),(3327,"Rinah Monroe","ZZH23OAT7KF","0755-255237","sed.consequat@afelis.net","11-05-2021","01-01-2003","01-01-2025","9900SI"),(3328,"Brandon Smith","ASP42QZR8SN","0992-483441","adipiscing.lacus@diamnunc.net","11-05-2021","01-01-2003","01-01-2025","7936JO"),(3329,"Olympia Hubbard","MMB64QOF8SR","0670-803408","orci@quamvelsapien.net","11-05-2021","01-01-2003","01-01-2025","3648JO"),(3330,"Abraham Lynch","TNE59XQL8RW","0247-261447","netus@commodohendrerit.ca","11-05-2021","01-01-2003","01-01-2025","9187TG"),(3331,"Savannah Flynn","MZW19SIV4MS","0894-709780","Phasellus@Donecfelis.ca","11-05-2021","01-01-2003","01-01-2025","3957 MR"),(3332,"Flynn Moss","NJR25ALO3AP","0796-686532","urna@utquam.co.uk","11-05-2021","01-01-2003","01-01-2025","8628DW");
INSERT INTO people (PersonID,Fullname,HashedPassword,PhoneNumber,EmailAddress,LastEditedBy,ValidFrom,ValidTo,postcode) VALUES (3333,"Jaquelyn Gray","FGX19QNH0XC","0113-981308","ut.aliquam.iaculis@Nulla.co.uk","11-05-2021","01-01-2003","01-01-2025","2688BW"),(3334,"Whitney Cabrera","QUO82SLM6GZ","0632-297361","eget@Fuscealiquetmagna.edu","11-05-2021","01-01-2003","01-01-2025","2870YX"),(3335,"Mariam Kinney","WAR81EGL8HL","0441-428458","egestas.rhoncus.Proin@lacusvariuset.co.uk","11-05-2021","01-01-2003","01-01-2025","9098LJ"),(3336,"Abbot Stafford","QQF25NFT3HQ","0194-714863","eu.tellus.Phasellus@velitjusto.net","11-05-2021","01-01-2003","01-01-2025","2273CG"),(3337,"Jin Collier","CZI57RLD7PP","0455-122169","dolor.elit.pellentesque@dignissim.org","11-05-2021","01-01-2003","01-01-2025","5650WX"),(3338,"Rogan Vazquez","DFW24HKH5ZT","0280-297346","montes.nascetur.ridiculus@Proinvel.com","11-05-2021","01-01-2003","01-01-2025","4398NU"),(3339,"Cyrus Chambers","OGH76SCO7KG","0979-181094","in.aliquet.lobortis@et.org","11-05-2021","01-01-2003","01-01-2025","4119QB"),(3340,"Allegra Norman","BPP12SFU1KH","0501-796696","est.ac@metusurna.net","11-05-2021","01-01-2003","01-01-2025","5276GJ"),(3341,"Gage Slater","BWJ32UUM6DI","0434-352331","est.mollis.non@egetvolutpatornare.co.uk","11-05-2021","01-01-2003","01-01-2025","7628QL"),(3342,"Constance Olsen","CKT70NPV7EN","0666-955985","sagittis.augue.eu@urnaNullamlobortis.org","11-05-2021","01-01-2003","01-01-2025","8590UX");
INSERT INTO people (PersonID,Fullname,HashedPassword,PhoneNumber,EmailAddress,LastEditedBy,ValidFrom,ValidTo,postcode) VALUES (3343,"Baker Fox","TWZ32DAC7MO","0203-907397","dignissim.magna@imperdiet.ca","11-05-2021","01-01-2003","01-01-2025","1115BW"),(3344,"Kylie Singleton","HMJ62RNX3XB","0781-981895","lorem.lorem.luctus@vitae.org","11-05-2021","01-01-2003","01-01-2025","2142MV"),(3345,"Deborah Griffin","INE92RIT3YJ","0220-745719","molestie@risus.edu","11-05-2021","01-01-2003","01-01-2025","7435TI"),(3346,"Alma Giles","NIC65KRP1CN","0134-303062","ante@senectusetnetus.org","11-05-2021","01-01-2003","01-01-2025","7321WH"),(3347,"Alfonso Simon","TUN64ILS3LO","0416-811809","ipsum.nunc.id@egestasadui.co.uk","11-05-2021","01-01-2003","01-01-2025","3316IK"),(3348,"Aladdin Hudson","WCC01NAD0HO","0475-559237","tempor.augue.ac@feliseget.org","11-05-2021","01-01-2003","01-01-2025","1500HS"),(3349,"Zelenia Holmes","QYW48NMF0OK","0590-515217","posuere.at@elementum.edu","11-05-2021","01-01-2003","01-01-2025","3562NB"),(3350,"Leandra Wooten","FXH47RQE7SM","0776-055353","Nam@iaculis.edu","11-05-2021","01-01-2003","01-01-2025","6627XN"),(3351,"Benedict Moon","JMP90PPN7UL","0602-296750","lacus@eueleifendnec.net","11-05-2021","01-01-2003","01-01-2025","4877KZ"),(3352,"Urielle Durham","BMS48ZDM7AC","0562-567492","vulputate.mauris@sapienCras.com","11-05-2021","01-01-2003","01-01-2025","4282KQ");
INSERT INTO people (PersonID,Fullname,HashedPassword,PhoneNumber,EmailAddress,LastEditedBy,ValidFrom,ValidTo,postcode) VALUES (3353,"Bianca Short","HXG59CAL4QK","0355-855001","accumsan.convallis.ante@acfermentumvel.com","11-05-2021","01-01-2003","01-01-2025","2374FO"),(3354,"Brandon Harper","MIW66WEB8AX","0455-881748","nunc.sed@dapibusgravidaAliquam.org","11-05-2021","01-01-2003","01-01-2025","9071GL"),(3355,"Griffith Dennis","NZW50ESH2SR","0435-696354","faucibus@massanon.com","11-05-2021","01-01-2003","01-01-2025","9989NX"),(3356,"Ria Hopper","YGR48XCP4ZA","0601-936686","eget.metus@venenatis.ca","11-05-2021","01-01-2003","01-01-2025","4880YD"),(3357,"May Dejesus","TLJ03VVM3YT","0887-502435","adipiscing.non.luctus@dui.com","11-05-2021","01-01-2003","01-01-2025","5055MY"),(3358,"Macy Moreno","EKN61FMS5FL","0282-037847","et.ultrices@eros.edu","11-05-2021","01-01-2003","01-01-2025","5938AV"),(3359,"Blaine Sweeney","GJE30QCR4XZ","0308-183911","nibh@urnaet.edu","11-05-2021","01-01-2003","01-01-2025","2356FW"),(3360,"Jayme Joyner","CIH16IYA1VF","0235-111187","semper.rutrum.Fusce@Duisami.com","11-05-2021","01-01-2003","01-01-2025","2012SH"),(3361,"Yoshi Hensley","NGL67IGT9TL","0366-099171","sem@nondui.co.uk","11-05-2021","01-01-2003","01-01-2025","9622DZ"),(3362,"Buckminster Lester","RSF20BOK1RH","0531-990772","lorem@Duissitamet.ca","11-05-2021","01-01-2003","01-01-2025","2146KP");

/*dummy data voor orders tabel*/
INSERT INTO orders (OrderID,CustomerID,SalespersonPersonID,ContacPersonID,OrderDate,ExpectedDeliveryDate,IsUndersupplyBackordered,LastEditedBy,LastEditedWhen) VALUES (73551,3263,1,3073,"2021-06-12 ","2021-06-04 ",1,1,"2021-05-11"),(73552,3263,1,3073,"2021-05-16 ","2021-05-26 ",1,1,"2021-05-11"),(73553,3263,1,3073,"2021-06-11 ","2021-06-12 ",1,1,"2021-05-11"),(73554,3263,1,3073,"2021-05-17 ","2021-05-29 ",1,1,"2021-05-11"),(73555,3263,1,3073,"2021-06-02 ","2021-05-22 ",1,1,"2021-05-11"),(73556,3263,1,3073,"2021-05-31 ","2021-05-11 ",1,1,"2021-05-11"),(73557,3263,1,3073,"2021-05-20 ","2021-05-13 ",1,1,"2021-05-11"),(73558,3263,1,3073,"2021-06-13 ","2021-06-01 ",1,1,"2021-05-11"),(73559,3263,1,3073,"2021-06-04 ","2021-05-26 ",1,1,"2021-05-11"),(73560,3263,1,3073,"2021-06-05 ","2021-05-26 ",1,1,"2021-05-11");
INSERT INTO orders (OrderID,CustomerID,SalespersonPersonID,ContacPersonID,OrderDate,ExpectedDeliveryDate,IsUndersupplyBackordered,LastEditedBy,LastEditedWhen) VALUES (73561,3263,1,3073,"2021-06-11 ","2021-05-21 ",1,1,"2021-05-11"),(73562,3263,1,3073,"2021-06-09 ","2021-05-28 ",1,1,"2021-05-11"),(73563,3263,1,3073,"2021-05-28 ","2021-06-08 ",1,1,"2021-05-11"),(73564,3263,1,3073,"2021-05-27 ","2021-06-04 ",1,1,"2021-05-11"),(73565,3263,1,3073,"2021-06-02 ","2021-05-14 ",1,1,"2021-05-11"),(73566,3263,1,3073,"2021-05-16 ","2021-06-03 ",1,1,"2021-05-11"),(73567,3263,1,3073,"2021-05-17 ","2021-06-02 ",1,1,"2021-05-11"),(73568,3263,1,3073,"2021-06-01 ","2021-05-27 ",1,1,"2021-05-11"),(73569,3263,1,3073,"2021-06-02 ","2021-05-27 ",1,1,"2021-05-11"),(73570,3263,1,3073,"2021-05-19 ","2021-06-04 ",1,1,"2021-05-11");
INSERT INTO orders (OrderID,CustomerID,SalespersonPersonID,ContacPersonID,OrderDate,ExpectedDeliveryDate,IsUndersupplyBackordered,LastEditedBy,LastEditedWhen) VALUES (73571,3263,1,3073,"2021-05-12 ","2021-06-12 ",1,1,"2021-05-11"),(73572,3263,1,3073,"2021-05-15 ","2021-05-17 ",1,1,"2021-05-11"),(73573,3263,1,3073,"2021-06-05 ","2021-05-17 ",1,1,"2021-05-11"),(73574,3263,1,3073,"2021-05-25 ","2021-05-20 ",1,1,"2021-05-11"),(73575,3263,1,3073,"2021-06-02 ","2021-05-27 ",1,1,"2021-05-11"),(73576,3263,1,3073,"2021-06-11 ","2021-05-13 ",1,1,"2021-05-11"),(73577,3263,1,3073,"2021-06-10 ","2021-06-12 ",1,1,"2021-05-11"),(73578,3263,1,3073,"2021-05-23 ","2021-05-22 ",1,1,"2021-05-11"),(73579,3263,1,3073,"2021-06-07 ","2021-05-13 ",1,1,"2021-05-11"),(73580,3263,1,3073,"2021-06-05 ","2021-05-26 ",1,1,"2021-05-11");
INSERT INTO orders (OrderID,CustomerID,SalespersonPersonID,ContacPersonID,OrderDate,ExpectedDeliveryDate,IsUndersupplyBackordered,LastEditedBy,LastEditedWhen) VALUES (73581,3263,1,3073,"2021-06-12 ","2021-06-02 ",1,1,"2021-05-11"),(73582,3263,1,3073,"2021-05-28 ","2021-05-31 ",1,1,"2021-05-11"),(73583,3263,1,3073,"2021-06-03 ","2021-05-18 ",1,1,"2021-05-11"),(73584,3263,1,3073,"2021-05-14 ","2021-05-27 ",1,1,"2021-05-11"),(73585,3263,1,3073,"2021-05-16 ","2021-06-10 ",1,1,"2021-05-11"),(73586,3263,1,3073,"2021-05-30 ","2021-06-07 ",1,1,"2021-05-11"),(73587,3263,1,3073,"2021-05-13 ","2021-05-16 ",1,1,"2021-05-11"),(73588,3263,1,3073,"2021-05-20 ","2021-05-11 ",1,1,"2021-05-11"),(73589,3263,1,3073,"2021-06-10 ","2021-05-31 ",1,1,"2021-05-11"),(73590,3263,1,3073,"2021-06-07 ","2021-05-29 ",1,1,"2021-05-11");
INSERT INTO orders (OrderID,CustomerID,SalespersonPersonID,ContacPersonID,OrderDate,ExpectedDeliveryDate,IsUndersupplyBackordered,LastEditedBy,LastEditedWhen) VALUES (73591,3263,1,3073,"2021-06-08 ","2021-05-29 ",1,1,"2021-05-11"),(73592,3263,1,3073,"2021-06-08 ","2021-05-26 ",1,1,"2021-05-11"),(73593,3263,1,3073,"2021-05-17 ","2021-06-05 ",1,1,"2021-05-11"),(73594,3263,1,3073,"2021-05-14 ","2021-05-20 ",1,1,"2021-05-11"),(73595,3263,1,3073,"2021-05-24 ","2021-05-18 ",1,1,"2021-05-11"),(73596,3263,1,3073,"2021-05-30 ","2021-05-22 ",1,1,"2021-05-11"),(73597,3263,1,3073,"2021-05-21 ","2021-05-29 ",1,1,"2021-05-11"),(73598,3263,1,3073,"2021-06-07 ","2021-06-05 ",1,1,"2021-05-11"),(73599,3263,1,3073,"2021-06-10 ","2021-06-07 ",1,1,"2021-05-11"),(73600,3263,1,3073,"2021-05-13 ","2021-06-11 ",1,1,"2021-05-11");
INSERT INTO orders (OrderID,CustomerID,SalespersonPersonID,ContacPersonID,OrderDate,ExpectedDeliveryDate,IsUndersupplyBackordered,LastEditedBy,LastEditedWhen) VALUES (73601,3263,1,3073,"2021-06-04 ","2021-06-09 ",1,1,"2021-05-11"),(73602,3263,1,3073,"2021-05-17 ","2021-05-25 ",1,1,"2021-05-11"),(73603,3263,1,3073,"2021-05-11 ","2021-06-09 ",1,1,"2021-05-11"),(73604,3263,1,3073,"2021-05-26 ","2021-06-03 ",1,1,"2021-05-11"),(73605,3263,1,3073,"2021-05-30 ","2021-05-29 ",1,1,"2021-05-11"),(73606,3263,1,3073,"2021-05-18 ","2021-05-11 ",1,1,"2021-05-11"),(73607,3263,1,3073,"2021-06-02 ","2021-06-10 ",1,1,"2021-05-11"),(73608,3263,1,3073,"2021-05-28 ","2021-06-04 ",1,1,"2021-05-11"),(73609,3263,1,3073,"2021-06-03 ","2021-06-05 ",1,1,"2021-05-11"),(73610,3263,1,3073,"2021-06-08 ","2021-06-09 ",1,1,"2021-05-11");
INSERT INTO orders (OrderID,CustomerID,SalespersonPersonID,ContacPersonID,OrderDate,ExpectedDeliveryDate,IsUndersupplyBackordered,LastEditedBy,LastEditedWhen) VALUES (73611,3263,1,3073,"2021-05-30 ","2021-05-20 ",1,1,"2021-05-11"),(73612,3263,1,3073,"2021-05-31 ","2021-05-15 ",1,1,"2021-05-11"),(73613,3263,1,3073,"2021-05-24 ","2021-06-05 ",1,1,"2021-05-11"),(73614,3263,1,3073,"2021-05-23 ","2021-06-11 ",1,1,"2021-05-11"),(73615,3263,1,3073,"2021-06-06 ","2021-06-07 ",1,1,"2021-05-11"),(73616,3263,1,3073,"2021-05-26 ","2021-06-13 ",1,1,"2021-05-11"),(73617,3263,1,3073,"2021-05-15 ","2021-05-12 ",1,1,"2021-05-11"),(73618,3263,1,3073,"2021-06-04 ","2021-06-02 ",1,1,"2021-05-11"),(73619,3263,1,3073,"2021-05-12 ","2021-05-28 ",1,1,"2021-05-11"),(73620,3263,1,3073,"2021-05-27 ","2021-05-31 ",1,1,"2021-05-11");
INSERT INTO orders (OrderID,CustomerID,SalespersonPersonID,ContacPersonID,OrderDate,ExpectedDeliveryDate,IsUndersupplyBackordered,LastEditedBy,LastEditedWhen) VALUES (73621,3263,1,3073,"2021-06-08 ","2021-05-21 ",1,1,"2021-05-11"),(73622,3263,1,3073,"2021-06-13 ","2021-05-23 ",1,1,"2021-05-11"),(73623,3263,1,3073,"2021-05-22 ","2021-06-06 ",1,1,"2021-05-11"),(73624,3263,1,3073,"2021-06-12 ","2021-05-14 ",1,1,"2021-05-11"),(73625,3263,1,3073,"2021-06-13 ","2021-06-04 ",1,1,"2021-05-11"),(73626,3263,1,3073,"2021-06-04 ","2021-05-22 ",1,1,"2021-05-11"),(73627,3263,1,3073,"2021-05-21 ","2021-06-10 ",1,1,"2021-05-11"),(73628,3263,1,3073,"2021-05-14 ","2021-05-27 ",1,1,"2021-05-11"),(73629,3263,1,3073,"2021-05-21 ","2021-05-27 ",1,1,"2021-05-11"),(73630,3263,1,3073,"2021-05-27 ","2021-06-05 ",1,1,"2021-05-11");
INSERT INTO orders (OrderID,CustomerID,SalespersonPersonID,ContacPersonID,OrderDate,ExpectedDeliveryDate,IsUndersupplyBackordered,LastEditedBy,LastEditedWhen) VALUES (73631,3263,1,3073,"2021-06-08 ","2021-05-11 ",1,1,"2021-05-11"),(73632,3263,1,3073,"2021-06-01 ","2021-06-06 ",1,1,"2021-05-11"),(73633,3263,1,3073,"2021-05-13 ","2021-05-24 ",1,1,"2021-05-11"),(73634,3263,1,3073,"2021-05-24 ","2021-06-06 ",1,1,"2021-05-11"),(73635,3263,1,3073,"2021-06-09 ","2021-05-30 ",1,1,"2021-05-11"),(73636,3263,1,3073,"2021-06-06 ","2021-06-12 ",1,1,"2021-05-11"),(73637,3263,1,3073,"2021-06-02 ","2021-05-25 ",1,1,"2021-05-11"),(73638,3263,1,3073,"2021-05-13 ","2021-06-07 ",1,1,"2021-05-11"),(73639,3263,1,3073,"2021-05-13 ","2021-05-22 ",1,1,"2021-05-11"),(73640,3263,1,3073,"2021-05-26 ","2021-06-09 ",1,1,"2021-05-11");
INSERT INTO orders (OrderID,CustomerID,SalespersonPersonID,ContacPersonID,OrderDate,ExpectedDeliveryDate,IsUndersupplyBackordered,LastEditedBy,LastEditedWhen) VALUES (73641,3263,1,3073,"2021-05-28 ","2021-05-24 ",1,1,"2021-05-11"),(73642,3263,1,3073,"2021-06-11 ","2021-05-23 ",1,1,"2021-05-11"),(73643,3263,1,3073,"2021-06-04 ","2021-05-13 ",1,1,"2021-05-11"),(73644,3263,1,3073,"2021-06-02 ","2021-05-15 ",1,1,"2021-05-11"),(73645,3263,1,3073,"2021-05-19 ","2021-05-20 ",1,1,"2021-05-11"),(73646,3263,1,3073,"2021-06-04 ","2021-06-03 ",1,1,"2021-05-11"),(73647,3263,1,3073,"2021-06-12 ","2021-05-14 ",1,1,"2021-05-11"),(73648,3263,1,3073,"2021-06-04 ","2021-05-18 ",1,1,"2021-05-11"),(73649,3263,1,3073,"2021-05-11 ","2021-06-07 ",1,1,"2021-05-11"),(73650,3263,1,3073,"2021-06-04 ","2021-06-01 ",1,1,"2021-05-11");


/*dummy data voor orderlines*/
INSERT INTO orderlines (OrderLineID,OrderID,StockItemID,PackageTypeID,TaxRate,LastEditedBy,LastEditedWhen) VALUES (220076,73559,167,7,"15.000",1,"2021-05-11"),(220077,73580,57,7,"15.000",1,"2021-05-11"),(220078,73627,45,7,"15.000",1,"2021-05-11"),(220079,73575,173,7,"15.000",1,"2021-05-11"),(220080,73636,128,7,"15.000",1,"2021-05-11"),(220081,73582,37,7,"15.000",1,"2021-05-11"),(220082,73589,73,7,"15.000",1,"2021-05-11"),(220083,73646,49,7,"15.000",1,"2021-05-11"),(220084,73584,80,7,"15.000",1,"2021-05-11"),(220085,73554,190,7,"15.000",1,"2021-05-11");
INSERT INTO orderlines (OrderLineID,OrderID,StockItemID,PackageTypeID,TaxRate,LastEditedBy,LastEditedWhen) VALUES (220086,73605,116,7,"15.000",1,"2021-05-11"),(220087,73577,218,7,"15.000",1,"2021-05-11"),(220088,73555,188,7,"15.000",1,"2021-05-11"),(220089,73576,26,7,"15.000",1,"2021-05-11"),(220090,73590,222,7,"15.000",1,"2021-05-11"),(220091,73647,79,7,"15.000",1,"2021-05-11"),(220092,73612,160,7,"15.000",1,"2021-05-11"),(220093,73611,48,7,"15.000",1,"2021-05-11"),(220094,73576,213,7,"15.000",1,"2021-05-11"),(220095,73593,44,7,"15.000",1,"2021-05-11");
INSERT INTO orderlines (OrderLineID,OrderID,StockItemID,PackageTypeID,TaxRate,LastEditedBy,LastEditedWhen) VALUES (220096,73606,186,7,"15.000",1,"2021-05-11"),(220097,73584,116,7,"15.000",1,"2021-05-11"),(220098,73577,52,7,"15.000",1,"2021-05-11"),(220099,73553,218,7,"15.000",1,"2021-05-11"),(220100,73637,169,7,"15.000",1,"2021-05-11"),(220101,73565,205,7,"15.000",1,"2021-05-11"),(220102,73591,60,7,"15.000",1,"2021-05-11"),(220103,73559,147,7,"15.000",1,"2021-05-11"),(220104,73608,101,7,"15.000",1,"2021-05-11"),(220105,73557,79,7,"15.000",1,"2021-05-11");
INSERT INTO orderlines (OrderLineID,OrderID,StockItemID,PackageTypeID,TaxRate,LastEditedBy,LastEditedWhen) VALUES (220106,73580,4,7,"15.000",1,"2021-05-11"),(220107,73583,172,7,"15.000",1,"2021-05-11"),(220108,73570,95,7,"15.000",1,"2021-05-11"),(220109,73633,28,7,"15.000",1,"2021-05-11"),(220110,73556,207,7,"15.000",1,"2021-05-11"),(220111,73577,100,7,"15.000",1,"2021-05-11"),(220112,73644,133,7,"15.000",1,"2021-05-11"),(220113,73562,12,7,"15.000",1,"2021-05-11"),(220114,73580,193,7,"15.000",1,"2021-05-11"),(220115,73582,197,7,"15.000",1,"2021-05-11");
INSERT INTO orderlines (OrderLineID,OrderID,StockItemID,PackageTypeID,TaxRate,LastEditedBy,LastEditedWhen) VALUES (220116,73606,54,7,"15.000",1,"2021-05-11"),(220117,73601,10,7,"15.000",1,"2021-05-11"),(220118,73607,75,7,"15.000",1,"2021-05-11"),(220119,73617,141,7,"15.000",1,"2021-05-11"),(220120,73583,53,7,"15.000",1,"2021-05-11"),(220121,73640,188,7,"15.000",1,"2021-05-11"),(220122,73613,179,7,"15.000",1,"2021-05-11"),(220123,73600,26,7,"15.000",1,"2021-05-11"),(220124,73555,101,7,"15.000",1,"2021-05-11"),(220125,73583,14,7,"15.000",1,"2021-05-11");
INSERT INTO orderlines (OrderLineID,OrderID,StockItemID,PackageTypeID,TaxRate,LastEditedBy,LastEditedWhen) VALUES (220126,73637,100,7,"15.000",1,"2021-05-11"),(220127,73584,126,7,"15.000",1,"2021-05-11"),(220128,73638,91,7,"15.000",1,"2021-05-11"),(220129,73590,26,7,"15.000",1,"2021-05-11"),(220130,73598,170,7,"15.000",1,"2021-05-11"),(220131,73618,219,7,"15.000",1,"2021-05-11"),(220132,73562,9,7,"15.000",1,"2021-05-11"),(220133,73645,166,7,"15.000",1,"2021-05-11"),(220134,73617,96,7,"15.000",1,"2021-05-11"),(220135,73650,204,7,"15.000",1,"2021-05-11");
INSERT INTO orderlines (OrderLineID,OrderID,StockItemID,PackageTypeID,TaxRate,LastEditedBy,LastEditedWhen) VALUES (220136,73554,108,7,"15.000",1,"2021-05-11"),(220137,73578,126,7,"15.000",1,"2021-05-11"),(220138,73612,38,7,"15.000",1,"2021-05-11"),(220139,73599,154,7,"15.000",1,"2021-05-11"),(220140,73639,25,7,"15.000",1,"2021-05-11"),(220141,73582,45,7,"15.000",1,"2021-05-11"),(220142,73599,82,7,"15.000",1,"2021-05-11"),(220143,73650,138,7,"15.000",1,"2021-05-11"),(220144,73585,10,7,"15.000",1,"2021-05-11"),(220145,73613,177,7,"15.000",1,"2021-05-11");
INSERT INTO orderlines (OrderLineID,OrderID,StockItemID,PackageTypeID,TaxRate,LastEditedBy,LastEditedWhen) VALUES (220146,73649,155,7,"15.000",1,"2021-05-11"),(220147,73599,98,7,"15.000",1,"2021-05-11"),(220148,73554,188,7,"15.000",1,"2021-05-11"),(220149,73607,198,7,"15.000",1,"2021-05-11"),(220150,73551,69,7,"15.000",1,"2021-05-11"),(220151,73619,107,7,"15.000",1,"2021-05-11"),(220152,73630,127,7,"15.000",1,"2021-05-11"),(220153,73552,151,7,"15.000",1,"2021-05-11"),(220154,73582,217,7,"15.000",1,"2021-05-11"),(220155,73619,72,7,"15.000",1,"2021-05-11");
INSERT INTO orderlines (OrderLineID,OrderID,StockItemID,PackageTypeID,TaxRate,LastEditedBy,LastEditedWhen) VALUES (220156,73574,83,7,"15.000",1,"2021-05-11"),(220157,73609,68,7,"15.000",1,"2021-05-11"),(220158,73609,13,7,"15.000",1,"2021-05-11"),(220159,73613,112,7,"15.000",1,"2021-05-11"),(220160,73612,30,7,"15.000",1,"2021-05-11"),(220161,73567,10,7,"15.000",1,"2021-05-11"),(220162,73637,70,7,"15.000",1,"2021-05-11"),(220163,73648,135,7,"15.000",1,"2021-05-11"),(220164,73648,98,7,"15.000",1,"2021-05-11"),(220165,73579,52,7,"15.000",1,"2021-05-11");
INSERT INTO orderlines (OrderLineID,OrderID,StockItemID,PackageTypeID,TaxRate,LastEditedBy,LastEditedWhen) VALUES (220166,73599,5,7,"15.000",1,"2021-05-11"),(220167,73571,164,7,"15.000",1,"2021-05-11"),(220168,73622,33,7,"15.000",1,"2021-05-11"),(220169,73576,56,7,"15.000",1,"2021-05-11"),(220170,73570,1,7,"15.000",1,"2021-05-11"),(220171,73553,225,7,"15.000",1,"2021-05-11"),(220172,73602,179,7,"15.000",1,"2021-05-11"),(220173,73638,73,7,"15.000",1,"2021-05-11"),(220174,73628,78,7,"15.000",1,"2021-05-11"),(220175,73564,72,7,"15.000",1,"2021-05-11");

